"DESCRIPTION","DURATION IN MS","NAME","PARENT SUITE","START TIME","STATUS","STOP TIME","SUB SUITE","SUITE","TEST CLASS","TEST METHOD"
"","4","handleUserEvent_ShouldUpdateSnapshot_WhenUserCreatedButUserAlreadyExists()","","Mon Jul 28 07:10:28 GMT 2025","passed","Mon Jul 28 07:10:28 GMT 2025","","com.talentradar.assessment_service.service.UserEventConsumerTest","com.talentradar.assessment_service.service.UserEventConsumerTest","handleUserEvent_ShouldUpdateSnapshot_WhenUserCreatedButUserAlreadyExists"
"","6","publishAssessmentUpdated_ShouldHandleError_WhenUserSnapshotNotFound()","","Mon Jul 28 07:10:29 GMT 2025","passed","Mon Jul 28 07:10:29 GMT 2025","","com.talentradar.assessment_service.service.AssessmentEventProducerTest","com.talentradar.assessment_service.service.AssessmentEventProducerTest","publishAssessmentUpdated_ShouldHandleError_WhenUserSnapshotNotFound"
"","2456","Should create feedback comment successfully","","Mon Jul 28 07:10:23 GMT 2025","passed","Mon Jul 28 07:10:26 GMT 2025","","FeedbackCommentService Tests","com.talentradar.assessment_service.service.FeedbackCommentServiceImplTest","createFeedbackComment_ShouldCreateFeedbackComment_WhenValidDto"
"","2","Should return empty list when no dimensions exist","","Mon Jul 28 07:10:29 GMT 2025","passed","Mon Jul 28 07:10:29 GMT 2025","","DimensionDefinitionService Tests","com.talentradar.assessment_service.service.DimensionDefinitionServiceImplTest","getAllDimensions_ShouldReturnEmptyList_WhenNoDimensionsExist"
"","8","Should handle large number of dimensions efficiently","","Mon Jul 28 07:10:26 GMT 2025","passed","Mon Jul 28 07:10:26 GMT 2025","","FeedbackAnalysisService Tests","com.talentradar.assessment_service.service.FeedbackAnalysisServiceTest","createAnalysisDto_ShouldHandleLargeDimensionSet_Efficiently"
"","7","Should handle dimension definition with null grading criteria","","Mon Jul 28 07:10:26 GMT 2025","passed","Mon Jul 28 07:10:26 GMT 2025","","FeedbackDimensionService Tests","com.talentradar.assessment_service.service.FeedbackDimensionServiceImplTest","createFeedbackDimension_ShouldHandleNullGradingCriteria_Gracefully"
"","3","Should not update when comment title is null","","Mon Jul 28 07:10:27 GMT 2025","passed","Mon Jul 28 07:10:27 GMT 2025","","CommentService Tests","com.talentradar.assessment_service.service.CommentServiceImplTest","updateComment_ShouldNotUpdate_WhenCommentTitleIsNull"
"","4","Should return true when comment exists","","Mon Jul 28 07:10:27 GMT 2025","passed","Mon Jul 28 07:10:27 GMT 2025","","CommentService Tests","com.talentradar.assessment_service.service.CommentServiceImplTest","commentExists_ShouldReturnTrue_WhenIdExists"
"","5","handleUserEvent_ShouldNackMessage_WhenRepositoryThrowsException()","","Mon Jul 28 07:10:28 GMT 2025","passed","Mon Jul 28 07:10:28 GMT 2025","","com.talentradar.assessment_service.service.UserEventConsumerTest","com.talentradar.assessment_service.service.UserEventConsumerTest","handleUserEvent_ShouldNackMessage_WhenRepositoryThrowsException"
"","2","Should return comments by IDs successfully","","Mon Jul 28 07:10:27 GMT 2025","passed","Mon Jul 28 07:10:27 GMT 2025","","CommentService Tests","com.talentradar.assessment_service.service.CommentServiceImplTest","getCommentsByIds_ShouldReturnComments_WhenIdsExist"
"","8","shouldThrowBadRequestIfUserSubmittedWithin30Days()","","Mon Jul 28 07:10:27 GMT 2025","passed","Mon Jul 28 07:10:27 GMT 2025","","com.talentradar.assessment_service.service.AssessmentServiceImplTest","com.talentradar.assessment_service.service.AssessmentServiceImplTest","shouldThrowBadRequestIfUserSubmittedWithin30Days"
"","119","Should get user by ID successfully","","Mon Jul 28 07:10:26 GMT 2025","passed","Mon Jul 28 07:10:27 GMT 2025","","UserSnapshotService Tests","com.talentradar.assessment_service.service.UserSnapshotServiceImplTest","getUserById_ShouldReturnUser_WhenUserExists"
"","3","Should throw exception when dimension not found by ID","","Mon Jul 28 07:10:29 GMT 2025","passed","Mon Jul 28 07:10:29 GMT 2025","","DimensionDefinitionService Tests","com.talentradar.assessment_service.service.DimensionDefinitionServiceImplTest","getDimensionById_ShouldThrowException_WhenIdNotExists"
"","3","Should throw exception when updating non-existent comment","","Mon Jul 28 07:10:27 GMT 2025","passed","Mon Jul 28 07:10:27 GMT 2025","","CommentService Tests","com.talentradar.assessment_service.service.CommentServiceImplTest","updateComment_ShouldThrowException_WhenIdNotExists"
"","11","Should handle repository save failure gracefully","","Mon Jul 28 07:10:26 GMT 2025","passed","Mon Jul 28 07:10:26 GMT 2025","","FeedbackDimensionService Tests","com.talentradar.assessment_service.service.FeedbackDimensionServiceImplTest","createFeedbackDimension_ShouldHandleRepositoryFailure_Gracefully"
"","5","Should throw exception when deleting non-existent comment","","Mon Jul 28 07:10:27 GMT 2025","passed","Mon Jul 28 07:10:27 GMT 2025","","CommentService Tests","com.talentradar.assessment_service.service.CommentServiceImplTest","deleteComment_ShouldThrowException_WhenIdNotExists"
"","7","publishAssessmentUpdated_ShouldSucceed_WhenUserSnapshotExists()","","Mon Jul 28 07:10:29 GMT 2025","passed","Mon Jul 28 07:10:29 GMT 2025","","com.talentradar.assessment_service.service.AssessmentEventProducerTest","com.talentradar.assessment_service.service.AssessmentEventProducerTest","publishAssessmentUpdated_ShouldSucceed_WhenUserSnapshotExists"
"","2","Should not update when criteria name is null","","Mon Jul 28 07:10:29 GMT 2025","passed","Mon Jul 28 07:10:29 GMT 2025","","GradingCriteriaService Tests","com.talentradar.assessment_service.service.GradingCriteriaServiceImplTest","updateGradingCriteria_ShouldNotUpdate_WhenCriteriaNameIsNull"
"","8","Should get complete feedback successfully","","Mon Jul 28 07:10:27 GMT 2025","passed","Mon Jul 28 07:10:27 GMT 2025","","FeedbackService Tests","com.talentradar.assessment_service.service.FeedbackServiceImplTest","getCompleteFeedback_ShouldReturnCompleteFeedback_WhenIdExists"
"","3","Should throw exception when developer not found for assignment","","Mon Jul 28 07:10:27 GMT 2025","passed","Mon Jul 28 07:10:27 GMT 2025","","UserSnapshotService Tests","com.talentradar.assessment_service.service.UserSnapshotServiceImplTest","assignDeveloperToManager_ShouldThrowException_WhenDeveloperNotFound"
"","6","Should validate all required fields are present in saved entity","","Mon Jul 28 07:10:26 GMT 2025","passed","Mon Jul 28 07:10:26 GMT 2025","","FeedbackDimensionService Tests","com.talentradar.assessment_service.service.FeedbackDimensionServiceImplTest","createFeedbackDimension_ShouldValidateEntityFields_BeforeSaving"
"","5","Should throw exception when trying to assign developer to non-manager","","Mon Jul 28 07:10:27 GMT 2025","passed","Mon Jul 28 07:10:27 GMT 2025","","UserSnapshotService Tests","com.talentradar.assessment_service.service.UserSnapshotServiceImplTest","assignDeveloperToManager_ShouldThrowException_WhenTargetUserIsNotManager"
"","9","Should map feedback comment to DTO correctly","","Mon Jul 28 07:10:26 GMT 2025","passed","Mon Jul 28 07:10:26 GMT 2025","","FeedbackCommentService Tests","com.talentradar.assessment_service.service.FeedbackCommentServiceImplTest","mapToDto_ShouldMapCorrectly_WhenValidFeedbackComment"
"","3","Should throw exception when deleting non-existent grading criteria","","Mon Jul 28 07:10:29 GMT 2025","passed","Mon Jul 28 07:10:29 GMT 2025","","GradingCriteriaService Tests","com.talentradar.assessment_service.service.GradingCriteriaServiceImplTest","deleteGradingCriteria_ShouldThrowException_WhenIdNotExists"
"","8","shouldThrowResourceNotFoundWhenUpdateNonExistentAssessment()","","Mon Jul 28 07:10:27 GMT 2025","passed","Mon Jul 28 07:10:27 GMT 2025","","com.talentradar.assessment_service.service.AssessmentServiceImplTest","com.talentradar.assessment_service.service.AssessmentServiceImplTest","shouldThrowResourceNotFoundWhenUpdateNonExistentAssessment"
"","6","shouldThrowBadRequestWhenUpdateOtherUsersAssessment()","","Mon Jul 28 07:10:27 GMT 2025","passed","Mon Jul 28 07:10:27 GMT 2025","","com.talentradar.assessment_service.service.AssessmentServiceImplTest","com.talentradar.assessment_service.service.AssessmentServiceImplTest","shouldThrowBadRequestWhenUpdateOtherUsersAssessment"
"","3","handleUserEvent_ShouldHandleGracefully_WhenUserDeletedButUserNotExists()","","Mon Jul 28 07:10:28 GMT 2025","passed","Mon Jul 28 07:10:28 GMT 2025","","com.talentradar.assessment_service.service.UserEventConsumerTest","com.talentradar.assessment_service.service.UserEventConsumerTest","handleUserEvent_ShouldHandleGracefully_WhenUserDeletedButUserNotExists"
"","6","Should get feedback by ID successfully","","Mon Jul 28 07:10:27 GMT 2025","passed","Mon Jul 28 07:10:27 GMT 2025","","FeedbackService Tests","com.talentradar.assessment_service.service.FeedbackServiceImplTest","getFeedbackById_ShouldReturnFeedback_WhenIdExists"
"","7","publishAssessmentSubmitted_ShouldCreateCorrectAssessmentEvent()","","Mon Jul 28 07:10:29 GMT 2025","passed","Mon Jul 28 07:10:29 GMT 2025","","com.talentradar.assessment_service.service.AssessmentEventProducerTest","com.talentradar.assessment_service.service.AssessmentEventProducerTest","publishAssessmentSubmitted_ShouldCreateCorrectAssessmentEvent"
"","3","Should return empty list when no grading criteria exist","","Mon Jul 28 07:10:29 GMT 2025","passed","Mon Jul 28 07:10:29 GMT 2025","","GradingCriteriaService Tests","com.talentradar.assessment_service.service.GradingCriteriaServiceImplTest","getAllGradingCriteria_ShouldReturnEmptyList_WhenNoGradingCriteriaExist"
"","2","Should return all dimensions successfully","","Mon Jul 28 07:10:29 GMT 2025","passed","Mon Jul 28 07:10:29 GMT 2025","","DimensionDefinitionService Tests","com.talentradar.assessment_service.service.DimensionDefinitionServiceImplTest","getAllDimensions_ShouldReturnAllDimensions"
"","5","publishAssessmentSubmitted_ShouldHandleError_WhenRepositoryThrowsException()","","Mon Jul 28 07:10:29 GMT 2025","passed","Mon Jul 28 07:10:29 GMT 2025","","com.talentradar.assessment_service.service.AssessmentEventProducerTest","com.talentradar.assessment_service.service.AssessmentEventProducerTest","publishAssessmentSubmitted_ShouldHandleError_WhenRepositoryThrowsException"
"","7","shouldHandleZeroWeightGracefully()","","Mon Jul 28 07:10:27 GMT 2025","passed","Mon Jul 28 07:10:27 GMT 2025","","com.talentradar.assessment_service.service.AssessmentServiceImplTest","com.talentradar.assessment_service.service.AssessmentServiceImplTest","shouldHandleZeroWeightGracefully"
"","109","Should update grading criteria successfully when grading criteria exists","","Mon Jul 28 07:10:29 GMT 2025","passed","Mon Jul 28 07:10:29 GMT 2025","","GradingCriteriaService Tests","com.talentradar.assessment_service.service.GradingCriteriaServiceImplTest","updateGradingCriteria_ShouldUpdateGradingCriteria_WhenIdExists"
"","4","Should handle reassignment when developer already has different manager","","Mon Jul 28 07:10:27 GMT 2025","passed","Mon Jul 28 07:10:27 GMT 2025","","UserSnapshotService Tests","com.talentradar.assessment_service.service.UserSnapshotServiceImplTest","assignDeveloperToManager_ShouldReassign_WhenDeveloperHasDifferentManager"
"","14","Should throw exception when comment not found","","Mon Jul 28 07:10:26 GMT 2025","passed","Mon Jul 28 07:10:26 GMT 2025","","FeedbackCommentService Tests","com.talentradar.assessment_service.service.FeedbackCommentServiceImplTest","createFeedbackComment_ShouldThrowException_WhenCommentNotExists"
"","8","Should get feedback by manager ID successfully","","Mon Jul 28 07:10:27 GMT 2025","passed","Mon Jul 28 07:10:27 GMT 2025","","FeedbackService Tests","com.talentradar.assessment_service.service.FeedbackServiceImplTest","getFeedbackByManagerId_ShouldReturnFeedbackList_WhenManagerExists"
"","10","shouldUpdateAssessmentSuccessfully()","","Mon Jul 28 07:10:27 GMT 2025","passed","Mon Jul 28 07:10:27 GMT 2025","","com.talentradar.assessment_service.service.AssessmentServiceImplTest","com.talentradar.assessment_service.service.AssessmentServiceImplTest","shouldUpdateAssessmentSuccessfully"
"","8","Should throw exception when feedback not found","","Mon Jul 28 07:10:26 GMT 2025","passed","Mon Jul 28 07:10:26 GMT 2025","","FeedbackCommentService Tests","com.talentradar.assessment_service.service.FeedbackCommentServiceImplTest","createFeedbackComment_ShouldThrowException_WhenFeedbackNotExists"
"","3","Should throw exception when user not found by ID","","Mon Jul 28 07:10:27 GMT 2025","passed","Mon Jul 28 07:10:27 GMT 2025","","UserSnapshotService Tests","com.talentradar.assessment_service.service.UserSnapshotServiceImplTest","getUserById_ShouldThrowException_WhenUserNotFound"
"","4","Should return developers with submitted assessments for valid manager","","Mon Jul 28 07:10:27 GMT 2025","passed","Mon Jul 28 07:10:27 GMT 2025","","UserSnapshotService Tests","com.talentradar.assessment_service.service.UserSnapshotServiceImplTest","getDevelopersByManagerId_ShouldReturnDevelopersWithSubmittedAssessments_WhenValidManager"
"","9","Should create complete feedback successfully","","Mon Jul 28 07:10:27 GMT 2025","passed","Mon Jul 28 07:10:27 GMT 2025","","FeedbackService Tests","com.talentradar.assessment_service.service.FeedbackServiceImplTest","createCompleteFeedback_ShouldCreateCompleteFeedback_WhenValidDto"
"","9","shouldCreateAssessmentSuccessfully()","","Mon Jul 28 07:10:27 GMT 2025","passed","Mon Jul 28 07:10:27 GMT 2025","","com.talentradar.assessment_service.service.AssessmentServiceImplTest","com.talentradar.assessment_service.service.AssessmentServiceImplTest","shouldCreateAssessmentSuccessfully"
"","2","Should return true when dimension exists","","Mon Jul 28 07:10:29 GMT 2025","passed","Mon Jul 28 07:10:29 GMT 2025","","DimensionDefinitionService Tests","com.talentradar.assessment_service.service.DimensionDefinitionServiceImplTest","dimensionExists_ShouldReturnTrue_WhenIdExists"
"","2","Should delete dimension successfully when dimension exists","","Mon Jul 28 07:10:29 GMT 2025","passed","Mon Jul 28 07:10:29 GMT 2025","","DimensionDefinitionService Tests","com.talentradar.assessment_service.service.DimensionDefinitionServiceImplTest","deleteDimension_ShouldDeleteDimension_WhenIdExists"
"","8","Should create new feedback version with incremented version","","Mon Jul 28 07:10:27 GMT 2025","passed","Mon Jul 28 07:10:27 GMT 2025","","FeedbackService Tests","com.talentradar.assessment_service.service.FeedbackServiceImplTest","createNewFeedbackVersion_ShouldIncrementVersion_WhenPreviousVersionExists"
"","3","Should return comment by ID successfully","","Mon Jul 28 07:10:27 GMT 2025","passed","Mon Jul 28 07:10:27 GMT 2025","","CommentService Tests","com.talentradar.assessment_service.service.CommentServiceImplTest","getCommentById_ShouldReturnComment_WhenIdExists"
"","2","Should throw exception when updating non-existent grading criteria","","Mon Jul 28 07:10:29 GMT 2025","passed","Mon Jul 28 07:10:29 GMT 2025","","GradingCriteriaService Tests","com.talentradar.assessment_service.service.GradingCriteriaServiceImplTest","updateGradingCriteria_ShouldThrowException_WhenIdNotExists"
"","19","Should create first version when no previous feedback exists","","Mon Jul 28 07:10:27 GMT 2025","passed","Mon Jul 28 07:10:27 GMT 2025","","FeedbackService Tests","com.talentradar.assessment_service.service.FeedbackServiceImplTest","createNewFeedbackVersion_ShouldCreateFirstVersion_WhenNoPreviousFeedbackExists"
"","3","Should update dimension successfully when dimension exists","","Mon Jul 28 07:10:29 GMT 2025","passed","Mon Jul 28 07:10:29 GMT 2025","","DimensionDefinitionService Tests","com.talentradar.assessment_service.service.DimensionDefinitionServiceImplTest","updateDimension_ShouldUpdateDimension_WhenIdExists"
"","4","handleUserEvent_ShouldCreateNewSnapshot_WhenUserCreatedAndUserNotExists()","","Mon Jul 28 07:10:28 GMT 2025","passed","Mon Jul 28 07:10:28 GMT 2025","","com.talentradar.assessment_service.service.UserEventConsumerTest","com.talentradar.assessment_service.service.UserEventConsumerTest","handleUserEvent_ShouldCreateNewSnapshot_WhenUserCreatedAndUserNotExists"
"","4","handleUserEvent_ShouldUpdateSnapshot_WhenUserUpdatedAndUserExists()","","Mon Jul 28 07:10:28 GMT 2025","passed","Mon Jul 28 07:10:28 GMT 2025","","com.talentradar.assessment_service.service.UserEventConsumerTest","com.talentradar.assessment_service.service.UserEventConsumerTest","handleUserEvent_ShouldUpdateSnapshot_WhenUserUpdatedAndUserExists"
"","6","publishAssessmentSubmitted_ShouldHandleError_WhenUserSnapshotNotFound()","","Mon Jul 28 07:10:29 GMT 2025","passed","Mon Jul 28 07:10:29 GMT 2025","","com.talentradar.assessment_service.service.AssessmentEventProducerTest","com.talentradar.assessment_service.service.AssessmentEventProducerTest","publishAssessmentSubmitted_ShouldHandleError_WhenUserSnapshotNotFound"
"","3","Should throw exception when comment not found by ID","","Mon Jul 28 07:10:27 GMT 2025","passed","Mon Jul 28 07:10:27 GMT 2025","","CommentService Tests","com.talentradar.assessment_service.service.CommentServiceImplTest","getCommentById_ShouldThrowException_WhenIdNotExists"
"","4","Should return existing assignment when developer already assigned to manager","","Mon Jul 28 07:10:27 GMT 2025","passed","Mon Jul 28 07:10:27 GMT 2025","","UserSnapshotService Tests","com.talentradar.assessment_service.service.UserSnapshotServiceImplTest","assignDeveloperToManager_ShouldReturnExisting_WhenDeveloperAlreadyAssigned"
"","34","shouldReturnPaginatedAssessmentsByUser()","","Mon Jul 28 07:10:27 GMT 2025","passed","Mon Jul 28 07:10:27 GMT 2025","","com.talentradar.assessment_service.service.AssessmentServiceImplTest","com.talentradar.assessment_service.service.AssessmentServiceImplTest","shouldReturnPaginatedAssessmentsByUser"
"","2","Should throw exception when updating non-existent dimension","","Mon Jul 28 07:10:29 GMT 2025","passed","Mon Jul 28 07:10:29 GMT 2025","","DimensionDefinitionService Tests","com.talentradar.assessment_service.service.DimensionDefinitionServiceImplTest","updateDimension_ShouldThrowException_WhenIdNotExists"
"","2","Should return false when comment does not exist","","Mon Jul 28 07:10:27 GMT 2025","passed","Mon Jul 28 07:10:27 GMT 2025","","CommentService Tests","com.talentradar.assessment_service.service.CommentServiceImplTest","commentExists_ShouldReturnFalse_WhenIdNotExists"
"","4","handleUserEvent_ShouldMapDataCorrectly_WhenCreatingUser()","","Mon Jul 28 07:10:28 GMT 2025","passed","Mon Jul 28 07:10:28 GMT 2025","","com.talentradar.assessment_service.service.UserEventConsumerTest","com.talentradar.assessment_service.service.UserEventConsumerTest","handleUserEvent_ShouldMapDataCorrectly_WhenCreatingUser"
"","4","Should throw exception when feedback not found by ID","","Mon Jul 28 07:10:27 GMT 2025","passed","Mon Jul 28 07:10:27 GMT 2025","","FeedbackService Tests","com.talentradar.assessment_service.service.FeedbackServiceImplTest","getFeedbackById_ShouldThrowException_WhenIdNotExists"
"","11","Should throw exception when deleting non-existent dimension","","Mon Jul 28 07:10:29 GMT 2025","passed","Mon Jul 28 07:10:29 GMT 2025","","DimensionDefinitionService Tests","com.talentradar.assessment_service.service.DimensionDefinitionServiceImplTest","deleteDimension_ShouldThrowException_WhenIdNotExists"
"","3","Should delete comment successfully when comment exists","","Mon Jul 28 07:10:27 GMT 2025","passed","Mon Jul 28 07:10:27 GMT 2025","","CommentService Tests","com.talentradar.assessment_service.service.CommentServiceImplTest","deleteComment_ShouldDeleteComment_WhenIdExists"
"","252","Should handle extreme rating values correctly","","Mon Jul 28 07:10:26 GMT 2025","passed","Mon Jul 28 07:10:26 GMT 2025","","FeedbackDimensionService Tests","com.talentradar.assessment_service.service.FeedbackDimensionServiceImplTest","createFeedbackDimension_ShouldHandleExtremeRatings_Correctly"
"","6","Should handle dimension definition with empty grading criteria","","Mon Jul 28 07:10:26 GMT 2025","passed","Mon Jul 28 07:10:26 GMT 2025","","FeedbackDimensionService Tests","com.talentradar.assessment_service.service.FeedbackDimensionServiceImplTest","createFeedbackDimension_ShouldHandleEmptyGradingCriteria_Gracefully"
"","5","Should check feedback exists successfully","","Mon Jul 28 07:10:27 GMT 2025","passed","Mon Jul 28 07:10:27 GMT 2025","","FeedbackService Tests","com.talentradar.assessment_service.service.FeedbackServiceImplTest","feedbackExists_ShouldReturnTrue_WhenFeedbackExists"
"","4","Should assign developer to manager successfully","","Mon Jul 28 07:10:27 GMT 2025","passed","Mon Jul 28 07:10:27 GMT 2025","","UserSnapshotService Tests","com.talentradar.assessment_service.service.UserSnapshotServiceImplTest","assignDeveloperToManager_ShouldAssignSuccessfully_WhenValidDeveloperAndManager"
"","2","Should return empty list when no comments exist","","Mon Jul 28 07:10:27 GMT 2025","passed","Mon Jul 28 07:10:27 GMT 2025","","CommentService Tests","com.talentradar.assessment_service.service.CommentServiceImplTest","getAllComments_ShouldReturnEmptyList_WhenNoCommentsExist"
"","499","handleUserEvent_ShouldNackMessage_WhenSaveThrowsException()","","Mon Jul 28 07:10:27 GMT 2025","passed","Mon Jul 28 07:10:28 GMT 2025","","com.talentradar.assessment_service.service.UserEventConsumerTest","com.talentradar.assessment_service.service.UserEventConsumerTest","handleUserEvent_ShouldNackMessage_WhenSaveThrowsException"
"","5","publishAssessmentSubmitted_ShouldSucceed_WhenUserSnapshotExists()","","Mon Jul 28 07:10:29 GMT 2025","passed","Mon Jul 28 07:10:29 GMT 2025","","com.talentradar.assessment_service.service.AssessmentEventProducerTest","com.talentradar.assessment_service.service.AssessmentEventProducerTest","publishAssessmentSubmitted_ShouldSucceed_WhenUserSnapshotExists"
"","6","Should handle service method failures gracefully","","Mon Jul 28 07:10:26 GMT 2025","passed","Mon Jul 28 07:10:26 GMT 2025","","FeedbackAnalysisService Tests","com.talentradar.assessment_service.service.FeedbackAnalysisServiceTest","createAnalysisDto_ShouldHandleServiceFailures_Gracefully"
"","5","Should throw exception when manager not found","","Mon Jul 28 07:10:27 GMT 2025","passed","Mon Jul 28 07:10:27 GMT 2025","","UserSnapshotService Tests","com.talentradar.assessment_service.service.UserSnapshotServiceImplTest","getDevelopersByManagerId_ShouldThrowException_WhenManagerNotFound"
"","4","Should throw exception when manager not found for assignment","","Mon Jul 28 07:10:27 GMT 2025","passed","Mon Jul 28 07:10:27 GMT 2025","","UserSnapshotService Tests","com.talentradar.assessment_service.service.UserSnapshotServiceImplTest","assignDeveloperToManager_ShouldThrowException_WhenManagerNotFoundForAssignment"
"","2","Should return all grading criteria successfully","","Mon Jul 28 07:10:29 GMT 2025","passed","Mon Jul 28 07:10:29 GMT 2025","","GradingCriteriaService Tests","com.talentradar.assessment_service.service.GradingCriteriaServiceImplTest","getAllGradingCriteria_ShouldReturnAllGradingCriteria"
"","4","handleUserEvent_ShouldDeleteSnapshot_WhenUserDeletedAndUserExists()","","Mon Jul 28 07:10:28 GMT 2025","passed","Mon Jul 28 07:10:28 GMT 2025","","com.talentradar.assessment_service.service.UserEventConsumerTest","com.talentradar.assessment_service.service.UserEventConsumerTest","handleUserEvent_ShouldDeleteSnapshot_WhenUserDeletedAndUserExists"
"","217","Should handle assessment with null dimensions","","Mon Jul 28 07:10:26 GMT 2025","passed","Mon Jul 28 07:10:26 GMT 2025","","FeedbackAnalysisService Tests","com.talentradar.assessment_service.service.FeedbackAnalysisServiceTest","createAnalysisDto_ShouldHandleNullAssessmentDimensions_Gracefully"
"","3","Should throw exception when grading criteria not found by ID","","Mon Jul 28 07:10:29 GMT 2025","passed","Mon Jul 28 07:10:29 GMT 2025","","GradingCriteriaService Tests","com.talentradar.assessment_service.service.GradingCriteriaServiceImplTest","getGradingCriteriaById_ShouldThrowException_WhenIdNotExists"
"","5","Should return false when feedback dimension does not exist for feedback and dimension","","Mon Jul 28 07:10:26 GMT 2025","passed","Mon Jul 28 07:10:26 GMT 2025","","FeedbackDimensionService Tests","com.talentradar.assessment_service.service.FeedbackDimensionServiceImplTest","feedbackDimensionExistsForFeedbackAndDimension_ShouldReturnFalse_WhenNotExists"
"","3","Should return true when user exists","","Mon Jul 28 07:10:27 GMT 2025","passed","Mon Jul 28 07:10:27 GMT 2025","","UserSnapshotService Tests","com.talentradar.assessment_service.service.UserSnapshotServiceImplTest","userExists_ShouldReturnTrue_WhenUserExists"
"","3","Should return false when user does not exist","","Mon Jul 28 07:10:27 GMT 2025","passed","Mon Jul 28 07:10:27 GMT 2025","","UserSnapshotService Tests","com.talentradar.assessment_service.service.UserSnapshotServiceImplTest","userExists_ShouldReturnFalse_WhenUserDoesNotExist"
"","3","Should return empty list when no unassigned developers","","Mon Jul 28 07:10:27 GMT 2025","passed","Mon Jul 28 07:10:27 GMT 2025","","UserSnapshotService Tests","com.talentradar.assessment_service.service.UserSnapshotServiceImplTest","getUnassignedDevelopers_ShouldReturnEmptyList_WhenNoUnassignedDevelopers"
"","3","Should update comment successfully when comment exists","","Mon Jul 28 07:10:27 GMT 2025","passed","Mon Jul 28 07:10:27 GMT 2025","","CommentService Tests","com.talentradar.assessment_service.service.CommentServiceImplTest","updateComment_ShouldUpdateComment_WhenIdExists"
"","8","shouldCalculateCorrectWeightedAverage()","","Mon Jul 28 07:10:27 GMT 2025","passed","Mon Jul 28 07:10:27 GMT 2025","","com.talentradar.assessment_service.service.AssessmentServiceImplTest","com.talentradar.assessment_service.service.AssessmentServiceImplTest","shouldCalculateCorrectWeightedAverage"
"","7","Should get feedback comments by feedback ID successfully","","Mon Jul 28 07:10:26 GMT 2025","passed","Mon Jul 28 07:10:26 GMT 2025","","FeedbackCommentService Tests","com.talentradar.assessment_service.service.FeedbackCommentServiceImplTest","getFeedbackCommentsByFeedbackId_ShouldReturnComments_WhenFeedbackExists"
"","2","Should handle empty ID list gracefully","","Mon Jul 28 07:10:27 GMT 2025","passed","Mon Jul 28 07:10:27 GMT 2025","","CommentService Tests","com.talentradar.assessment_service.service.CommentServiceImplTest","getCommentsByIds_ShouldReturnEmptyList_WhenEmptyIdList"
"","3","Should return grading criteria by ID successfully","","Mon Jul 28 07:10:29 GMT 2025","passed","Mon Jul 28 07:10:29 GMT 2025","","GradingCriteriaService Tests","com.talentradar.assessment_service.service.GradingCriteriaServiceImplTest","getGradingCriteriaById_ShouldReturnGradingCriteria_WhenIdExists"
"","6","Should throw exception when user is not a manager","","Mon Jul 28 07:10:27 GMT 2025","passed","Mon Jul 28 07:10:27 GMT 2025","","UserSnapshotService Tests","com.talentradar.assessment_service.service.UserSnapshotServiceImplTest","getDevelopersByManagerId_ShouldThrowException_WhenUserIsNotManager"
"","5","publishAssessmentSubmitted_ShouldHandleError_WhenRabbitTemplateThrowsException()","","Mon Jul 28 07:10:29 GMT 2025","passed","Mon Jul 28 07:10:29 GMT 2025","","com.talentradar.assessment_service.service.AssessmentEventProducerTest","com.talentradar.assessment_service.service.AssessmentEventProducerTest","publishAssessmentSubmitted_ShouldHandleError_WhenRabbitTemplateThrowsException"
"","3","Should return unassigned developers successfully","","Mon Jul 28 07:10:27 GMT 2025","passed","Mon Jul 28 07:10:27 GMT 2025","","UserSnapshotService Tests","com.talentradar.assessment_service.service.UserSnapshotServiceImplTest","getUnassignedDevelopers_ShouldReturnUnassignedDevelopers_WhenTheyExist"
"","613","publishAssessmentSubmitted_ShouldSkipNotification_WhenUserHasNoManager()","","Mon Jul 28 07:10:28 GMT 2025","passed","Mon Jul 28 07:10:29 GMT 2025","","com.talentradar.assessment_service.service.AssessmentEventProducerTest","com.talentradar.assessment_service.service.AssessmentEventProducerTest","publishAssessmentSubmitted_ShouldSkipNotification_WhenUserHasNoManager"
"","2","Should create dimension successfully","","Mon Jul 28 07:10:29 GMT 2025","passed","Mon Jul 28 07:10:29 GMT 2025","","DimensionDefinitionService Tests","com.talentradar.assessment_service.service.DimensionDefinitionServiceImplTest","createDimension_ShouldCreateDimension_WhenValidDto"
"","6","Should update only provided fields","","Mon Jul 28 07:10:29 GMT 2025","passed","Mon Jul 28 07:10:29 GMT 2025","","DimensionDefinitionService Tests","com.talentradar.assessment_service.service.DimensionDefinitionServiceImplTest","updateDimension_ShouldUpdateOnlyProvidedFields"
"","6","Should handle empty feedback dimensions gracefully","","Mon Jul 28 07:10:26 GMT 2025","passed","Mon Jul 28 07:10:26 GMT 2025","","FeedbackAnalysisService Tests","com.talentradar.assessment_service.service.FeedbackAnalysisServiceTest","createAnalysisDto_ShouldHandleEmptyDimensions_WhenNoFeedbackDimensionsExist"
"","3","Should return all comments successfully","","Mon Jul 28 07:10:27 GMT 2025","passed","Mon Jul 28 07:10:27 GMT 2025","","CommentService Tests","com.talentradar.assessment_service.service.CommentServiceImplTest","getAllComments_ShouldReturnAllComments"
"","5","handleUserEvent_ShouldNackMessage_WhenDeleteThrowsException()","","Mon Jul 28 07:10:28 GMT 2025","passed","Mon Jul 28 07:10:28 GMT 2025","","com.talentradar.assessment_service.service.UserEventConsumerTest","com.talentradar.assessment_service.service.UserEventConsumerTest","handleUserEvent_ShouldNackMessage_WhenDeleteThrowsException"
"","5","Should filter out developers without submitted assessments","","Mon Jul 28 07:10:27 GMT 2025","passed","Mon Jul 28 07:10:27 GMT 2025","","UserSnapshotService Tests","com.talentradar.assessment_service.service.UserSnapshotServiceImplTest","getDevelopersByManagerId_ShouldFilterOutDevelopersWithoutSubmittedAssessments"
"","7","shouldThrowBadRequestForInvalidDimensionId()","","Mon Jul 28 07:10:27 GMT 2025","passed","Mon Jul 28 07:10:27 GMT 2025","","com.talentradar.assessment_service.service.AssessmentServiceImplTest","com.talentradar.assessment_service.service.AssessmentServiceImplTest","shouldThrowBadRequestForInvalidDimensionId"
"","4","Should throw exception when trying to assign non-developer to manager","","Mon Jul 28 07:10:27 GMT 2025","passed","Mon Jul 28 07:10:27 GMT 2025","","UserSnapshotService Tests","com.talentradar.assessment_service.service.UserSnapshotServiceImplTest","assignDeveloperToManager_ShouldThrowException_WhenUserIsNotDeveloper"
"","3","Should return dimension by ID successfully","","Mon Jul 28 07:10:29 GMT 2025","passed","Mon Jul 28 07:10:29 GMT 2025","","DimensionDefinitionService Tests","com.talentradar.assessment_service.service.DimensionDefinitionServiceImplTest","getDimensionById_ShouldReturnDimension_WhenIdExists"
"","2","Should create grading criteria successfully","","Mon Jul 28 07:10:29 GMT 2025","passed","Mon Jul 28 07:10:29 GMT 2025","","GradingCriteriaService Tests","com.talentradar.assessment_service.service.GradingCriteriaServiceImplTest","createGradingCriteria_ShouldCreateGradingCriteria_WhenValidDto"
"","11","shouldThrowResourceNotFoundIfDimensionMissing()","","Mon Jul 28 07:10:27 GMT 2025","passed","Mon Jul 28 07:10:27 GMT 2025","","com.talentradar.assessment_service.service.AssessmentServiceImplTest","com.talentradar.assessment_service.service.AssessmentServiceImplTest","shouldThrowResourceNotFoundIfDimensionMissing"
"","286","shouldHandleEventPublishingFailureGracefully()","","Mon Jul 28 07:10:27 GMT 2025","passed","Mon Jul 28 07:10:27 GMT 2025","","com.talentradar.assessment_service.service.AssessmentServiceImplTest","com.talentradar.assessment_service.service.AssessmentServiceImplTest","shouldHandleEventPublishingFailureGracefully"
"","6","handleUserEvent_ShouldHandleChannelErrors_WhenNackFails()","","Mon Jul 28 07:10:28 GMT 2025","passed","Mon Jul 28 07:10:28 GMT 2025","","com.talentradar.assessment_service.service.UserEventConsumerTest","com.talentradar.assessment_service.service.UserEventConsumerTest","handleUserEvent_ShouldHandleChannelErrors_WhenNackFails"
"","3","Should create comment successfully","","Mon Jul 28 07:10:27 GMT 2025","passed","Mon Jul 28 07:10:27 GMT 2025","","CommentService Tests","com.talentradar.assessment_service.service.CommentServiceImplTest","createComment_ShouldCreateComment_WhenValidDto"
"","5","Should combine multiple feedback comments correctly","","Mon Jul 28 07:10:26 GMT 2025","passed","Mon Jul 28 07:10:26 GMT 2025","","FeedbackAnalysisService Tests","com.talentradar.assessment_service.service.FeedbackAnalysisServiceTest","createAnalysisDto_ShouldCombineFeedbackComments_Correctly"
"","8","Should normalize dimension names correctly","","Mon Jul 28 07:10:26 GMT 2025","passed","Mon Jul 28 07:10:26 GMT 2025","","FeedbackAnalysisService Tests","com.talentradar.assessment_service.service.FeedbackAnalysisServiceTest","createAnalysisDto_ShouldNormalizeDimensionNames_Correctly"
"","5","Should return empty list when manager has no developers with submitted assessments","","Mon Jul 28 07:10:27 GMT 2025","passed","Mon Jul 28 07:10:27 GMT 2025","","UserSnapshotService Tests","com.talentradar.assessment_service.service.UserSnapshotServiceImplTest","getDevelopersByManagerId_ShouldReturnEmptyList_WhenNoDevelopersWithSubmittedAssessments"
"","5","Should return empty list when no comments found by IDs","","Mon Jul 28 07:10:27 GMT 2025","passed","Mon Jul 28 07:10:27 GMT 2025","","CommentService Tests","com.talentradar.assessment_service.service.CommentServiceImplTest","getCommentsByIds_ShouldReturnEmptyList_WhenNoIdsMatch"
"","19","Should return empty list when no feedback comments exist","","Mon Jul 28 07:10:26 GMT 2025","passed","Mon Jul 28 07:10:26 GMT 2025","","FeedbackCommentService Tests","com.talentradar.assessment_service.service.FeedbackCommentServiceImplTest","getFeedbackCommentsByFeedbackId_ShouldReturnEmptyList_WhenNoCommentsExist"
"","8","Should correctly map grading criteria to DTOs","","Mon Jul 28 07:10:26 GMT 2025","passed","Mon Jul 28 07:10:26 GMT 2025","","FeedbackDimensionService Tests","com.talentradar.assessment_service.service.FeedbackDimensionServiceImplTest","createFeedbackDimension_ShouldMapGradingCriteria_Correctly"
"","2","Should return true when grading criteria exists","","Mon Jul 28 07:10:29 GMT 2025","passed","Mon Jul 28 07:10:29 GMT 2025","","GradingCriteriaService Tests","com.talentradar.assessment_service.service.GradingCriteriaServiceImplTest","gradingCriteriaExists_ShouldReturnTrue_WhenIdExists"
"","6","Should handle multiple feedback dimensions for same feedback","","Mon Jul 28 07:10:26 GMT 2025","passed","Mon Jul 28 07:10:26 GMT 2025","","FeedbackDimensionService Tests","com.talentradar.assessment_service.service.FeedbackDimensionServiceImplTest","getFeedbackDimensionsByFeedbackId_ShouldReturnMultipleDimensions_WhenMultipleExist"
"","9","Should handle long comment text correctly","","Mon Jul 28 07:10:26 GMT 2025","passed","Mon Jul 28 07:10:26 GMT 2025","","FeedbackDimensionService Tests","com.talentradar.assessment_service.service.FeedbackDimensionServiceImplTest","createFeedbackDimension_ShouldHandleLongComment_Correctly"
"","7","Should handle null feedback comments list gracefully","","Mon Jul 28 07:10:26 GMT 2025","passed","Mon Jul 28 07:10:26 GMT 2025","","FeedbackCommentService Tests","com.talentradar.assessment_service.service.FeedbackCommentServiceImplTest","getFeedbackCommentsByFeedbackId_ShouldHandleNullGracefully"
"","2","Should delete grading criteria successfully when grading criteria exists","","Mon Jul 28 07:10:29 GMT 2025","passed","Mon Jul 28 07:10:29 GMT 2025","","GradingCriteriaService Tests","com.talentradar.assessment_service.service.GradingCriteriaServiceImplTest","deleteGradingCriteria_ShouldDeleteGradingCriteria_WhenIdExists"
